{
  "Component-preload.js.map": 1681657428932,
  "xs-app.json": 1681657419576,
  "test/integration/pages/KnowledgeHourSessionFullAccessList.js": 1681656448923,
  "test/integration/opaTests.qunit.js": 1681656448915,
  "test/integration/FirstJourney.js": 1681656448923,
  "test/testsuite.qunit.js": 1681656448911,
  "test/integration/pages/KnowledgeHourSessionFullAccessObjectPage.js": 1681656448923,
  "manifest.json": 1681657419580,
  "Component.js": 1681656448899,
  "test/integration/pages/KnowledgeHourSessionFullAccessList-dbg.js": 1681656448923,
  "test/integration/pages/KnowledgeHourSessionFullAccessList.js.map": 1681657428788,
  "test/integration/opaTests.qunit-dbg.js": 1681656448915,
  "test/integration/opaTests.qunit.js.map": 1681657428765,
  "test/integration/FirstJourney-dbg.js": 1681656448923,
  "test/integration/FirstJourney.js.map": 1681657428799,
  "test/testsuite.qunit-dbg.js": 1681656448911,
  "test/testsuite.qunit.js.map": 1681657428760,
  "test/integration/pages/KnowledgeHourSessionFullAccessObjectPage-dbg.js": 1681656448923,
  "test/integration/pages/KnowledgeHourSessionFullAccessObjectPage.js.map": 1681657428767,
  "Component-dbg.js": 1681656448899,
  "Component.js.map": 1681657428769,
  "Component-preload.js": 1681657428932,
  "i18n/i18n.properties": 1681656465591,
  "test/integration/opaTests.qunit.html": 1681656448915,
  "test/testsuite.qunit.html": 1681656448911,
  "test/flpSandbox.html": 1681656448911,
  "localService/metadata.xml": 1681656448907,
  "index.html": 1681656448903
}