{
  "test/integration/pages/KnowledgeHourSessionCreateRequestObjectPage.js.map": 1681657435882,
  "test/integration/opaTests.qunit.js": 1681656575344,
  "test/integration/pages/KnowledgeHourSessionCreateRequestObjectPage.js": 1681656575348,
  "test/integration/FirstJourney.js": 1681656575348,
  "test/testsuite.qunit.js": 1681656575344,
  "xs-app.json": 1681657419576,
  "manifest.json": 1681657419580,
  "Component.js": 1681656575328,
  "test/integration/opaTests.qunit-dbg.js": 1681656575344,
  "test/integration/opaTests.qunit.js.map": 1681657435852,
  "test/integration/pages/KnowledgeHourSessionCreateRequestObjectPage-dbg.js": 1681656575348,
  "i18n/i18n.properties": 1681656585796,
  "test/integration/FirstJourney-dbg.js": 1681656575348,
  "test/integration/FirstJourney.js.map": 1681657435850,
  "test/testsuite.qunit-dbg.js": 1681656575344,
  "test/testsuite.qunit.js.map": 1681657435861,
  "Component-dbg.js": 1681656575328,
  "Component.js.map": 1681657435853,
  "Component-preload.js": 1681657435989,
  "Component-preload.js.map": 1681657435989,
  "test/integration/opaTests.qunit.html": 1681656575344,
  "test/testsuite.qunit.html": 1681656575340,
  "test/flpSandbox.html": 1681656575336,
  "localService/metadata.xml": 1681656575332,
  "index.html": 1681656575328
}