<?xml version="1.0" encoding="utf-8"?>
<edmx:Edmx Version="4.0" xmlns:edmx="http://docs.oasis-open.org/odata/ns/edmx">
    <edmx:Reference Uri="https://oasis-tcs.github.io/odata-vocabularies/vocabularies/Org.OData.Capabilities.V1.xml">
        <edmx:Include Alias="Capabilities" Namespace="Org.OData.Capabilities.V1"/>
    </edmx:Reference>
    <edmx:Reference Uri="https://sap.github.io/odata-vocabularies/vocabularies/Common.xml">
        <edmx:Include Alias="Common" Namespace="com.sap.vocabularies.Common.v1"/>
    </edmx:Reference>
    <edmx:Reference Uri="https://oasis-tcs.github.io/odata-vocabularies/vocabularies/Org.OData.Core.V1.xml">
        <edmx:Include Alias="Core" Namespace="Org.OData.Core.V1"/>
    </edmx:Reference>
    <edmx:Reference Uri="https://sap.github.io/odata-vocabularies/vocabularies/UI.xml">
        <edmx:Include Alias="UI" Namespace="com.sap.vocabularies.UI.v1"/>
    </edmx:Reference>
    <edmx:DataServices>
        <Schema Namespace="KnowledgeHourSessionService" xmlns="http://docs.oasis-open.org/odata/ns/edm">
            <EntityContainer Name="EntityContainer">
                <EntitySet Name="KnowledgeHourSessionReadOnly" EntityType="KnowledgeHourSessionService.KnowledgeHourSessionReadOnly"/>
                <EntitySet Name="KnowledgeHourSessionFullAccess" EntityType="KnowledgeHourSessionService.KnowledgeHourSessionFullAccess">
                    <NavigationPropertyBinding Path="SiblingEntity" Target="KnowledgeHourSessionFullAccess"/>
                </EntitySet>
                <EntitySet Name="KnowledgeHourSessionCreateRequest" EntityType="KnowledgeHourSessionService.KnowledgeHourSessionCreateRequest">
                    <NavigationPropertyBinding Path="SiblingEntity" Target="KnowledgeHourSessionCreateRequest"/>
                </EntitySet>
            </EntityContainer>
            <EntityType Name="KnowledgeHourSessionReadOnly">
                <Key>
                    <PropertyRef Name="ID"/>
                </Key>
                <Property Name="createdAt" Type="Edm.DateTimeOffset" Precision="7"/>
                <Property Name="createdBy" Type="Edm.String" MaxLength="255"/>
                <Property Name="modifiedAt" Type="Edm.DateTimeOffset" Precision="7"/>
                <Property Name="modifiedBy" Type="Edm.String" MaxLength="255"/>
                <Property Name="ID" Type="Edm.Guid" Nullable="false"/>
                <Property Name="SAP_I_NUMBER" Type="Edm.String" MaxLength="100" DefaultValue="I9999999"/>
                <Property Name="SAP_EMAIL_ADDRESS" Type="Edm.String" MaxLength="100" DefaultValue="test@noemail.com"/>
                <Property Name="KNOWLDEG_HOUR_SESSION_DATE" Type="Edm.Date"/>
                <Property Name="KNOWLDEG_HOUR_SESSION_TIME" Type="Edm.TimeOfDay"/>
                <Property Name="DURATION" Type="Edm.Double" DefaultValue="1"/>
                <Property Name="COURSE_OUTLINE" Type="Edm.String"/>
                <Property Name="LEARNING_OBJECTIVE" Type="Edm.String"/>
                <Property Name="PRE_REQUISITE_IF_ANY" Type="Edm.String"/>
                <Property Name="TARGET_AUDIENCE" Type="Edm.String"/>
                <Property Name="SESSION_TYPE" Type="Edm.String" MaxLength="100" DefaultValue="Virtual Connect"/>
                <Property Name="DIAL_IN_DETAILS" Type="Edm.String"/>
                <Property Name="VENUE" Type="Edm.String" MaxLength="100" DefaultValue="Virtual (Teams)"/>
            </EntityType>
            <EntityType Name="KnowledgeHourSessionFullAccess">
                <Key>
                    <PropertyRef Name="ID"/>
                    <PropertyRef Name="IsActiveEntity"/>
                </Key>
                <Property Name="createdAt" Type="Edm.DateTimeOffset" Precision="7"/>
                <Property Name="createdBy" Type="Edm.String" MaxLength="255"/>
                <Property Name="modifiedAt" Type="Edm.DateTimeOffset" Precision="7"/>
                <Property Name="modifiedBy" Type="Edm.String" MaxLength="255"/>
                <Property Name="ID" Type="Edm.Guid" Nullable="false"/>
                <Property Name="SAP_I_NUMBER" Type="Edm.String" MaxLength="100" DefaultValue="I9999999"/>
                <Property Name="SAP_EMAIL_ADDRESS" Type="Edm.String" MaxLength="100" DefaultValue="test@noemail.com"/>
                <Property Name="KNOWLDEG_HOUR_SESSION_DATE" Type="Edm.Date"/>
                <Property Name="KNOWLDEG_HOUR_SESSION_TIME" Type="Edm.TimeOfDay"/>
                <Property Name="DURATION" Type="Edm.Double" DefaultValue="1"/>
                <Property Name="COURSE_OUTLINE" Type="Edm.String"/>
                <Property Name="LEARNING_OBJECTIVE" Type="Edm.String"/>
                <Property Name="PRE_REQUISITE_IF_ANY" Type="Edm.String"/>
                <Property Name="TARGET_AUDIENCE" Type="Edm.String"/>
                <Property Name="SESSION_TYPE" Type="Edm.String" MaxLength="100" DefaultValue="Virtual Connect"/>
                <Property Name="DIAL_IN_DETAILS" Type="Edm.String"/>
                <Property Name="VENUE" Type="Edm.String" MaxLength="100" DefaultValue="Virtual (Teams)"/>
                <Property Name="IsActiveEntity" Type="Edm.Boolean" Nullable="false" DefaultValue="true"/>
                <Property Name="HasActiveEntity" Type="Edm.Boolean" Nullable="false" DefaultValue="false"/>
                <Property Name="HasDraftEntity" Type="Edm.Boolean" Nullable="false" DefaultValue="false"/>
                <NavigationProperty Name="DraftAdministrativeData" Type="KnowledgeHourSessionService.DraftAdministrativeData" ContainsTarget="true"/>
                <NavigationProperty Name="SiblingEntity" Type="KnowledgeHourSessionService.KnowledgeHourSessionFullAccess"/>
            </EntityType>
            <EntityType Name="KnowledgeHourSessionCreateRequest">
                <Key>
                    <PropertyRef Name="ID"/>
                    <PropertyRef Name="IsActiveEntity"/>
                </Key>
                <Property Name="createdAt" Type="Edm.DateTimeOffset" Precision="7"/>
                <Property Name="createdBy" Type="Edm.String" MaxLength="255"/>
                <Property Name="modifiedAt" Type="Edm.DateTimeOffset" Precision="7"/>
                <Property Name="modifiedBy" Type="Edm.String" MaxLength="255"/>
                <Property Name="ID" Type="Edm.Guid" Nullable="false"/>
                <Property Name="SAP_I_NUMBER" Type="Edm.String" MaxLength="100" DefaultValue="I9999999"/>
                <Property Name="SAP_EMAIL_ADDRESS" Type="Edm.String" MaxLength="100" DefaultValue="test@noemail.com"/>
                <Property Name="KNOWLDEG_HOUR_SESSION_DATE" Type="Edm.Date"/>
                <Property Name="KNOWLDEG_HOUR_SESSION_TIME" Type="Edm.TimeOfDay"/>
                <Property Name="DURATION" Type="Edm.Double" DefaultValue="1"/>
                <Property Name="COURSE_OUTLINE" Type="Edm.String"/>
                <Property Name="LEARNING_OBJECTIVE" Type="Edm.String"/>
                <Property Name="PRE_REQUISITE_IF_ANY" Type="Edm.String"/>
                <Property Name="TARGET_AUDIENCE" Type="Edm.String"/>
                <Property Name="SESSION_TYPE" Type="Edm.String" MaxLength="100" DefaultValue="Virtual Connect"/>
                <Property Name="DIAL_IN_DETAILS" Type="Edm.String"/>
                <Property Name="VENUE" Type="Edm.String" MaxLength="100" DefaultValue="Virtual (Teams)"/>
                <Property Name="IsActiveEntity" Type="Edm.Boolean" Nullable="false" DefaultValue="true"/>
                <Property Name="HasActiveEntity" Type="Edm.Boolean" Nullable="false" DefaultValue="false"/>
                <Property Name="HasDraftEntity" Type="Edm.Boolean" Nullable="false" DefaultValue="false"/>
                <NavigationProperty Name="DraftAdministrativeData" Type="KnowledgeHourSessionService.DraftAdministrativeData" ContainsTarget="true"/>
                <NavigationProperty Name="SiblingEntity" Type="KnowledgeHourSessionService.KnowledgeHourSessionCreateRequest"/>
            </EntityType>
            <EntityType Name="DraftAdministrativeData">
                <Key>
                    <PropertyRef Name="DraftUUID"/>
                </Key>
                <Property Name="DraftUUID" Type="Edm.Guid" Nullable="false"/>
                <Property Name="CreationDateTime" Type="Edm.DateTimeOffset" Precision="7"/>
                <Property Name="CreatedByUser" Type="Edm.String" MaxLength="256"/>
                <Property Name="DraftIsCreatedByMe" Type="Edm.Boolean"/>
                <Property Name="LastChangeDateTime" Type="Edm.DateTimeOffset" Precision="7"/>
                <Property Name="LastChangedByUser" Type="Edm.String" MaxLength="256"/>
                <Property Name="InProcessByUser" Type="Edm.String" MaxLength="256"/>
                <Property Name="DraftIsProcessedByMe" Type="Edm.Boolean"/>
            </EntityType>
            <Action Name="draftPrepare" IsBound="true" EntitySetPath="in">
                <Parameter Name="in" Type="KnowledgeHourSessionService.KnowledgeHourSessionFullAccess"/>
                <Parameter Name="SideEffectsQualifier" Type="Edm.String"/>
                <ReturnType Type="KnowledgeHourSessionService.KnowledgeHourSessionFullAccess"/>
            </Action>
            <Action Name="draftPrepare" IsBound="true" EntitySetPath="in">
                <Parameter Name="in" Type="KnowledgeHourSessionService.KnowledgeHourSessionCreateRequest"/>
                <Parameter Name="SideEffectsQualifier" Type="Edm.String"/>
                <ReturnType Type="KnowledgeHourSessionService.KnowledgeHourSessionCreateRequest"/>
            </Action>
            <Action Name="draftActivate" IsBound="true" EntitySetPath="in">
                <Parameter Name="in" Type="KnowledgeHourSessionService.KnowledgeHourSessionFullAccess"/>
                <ReturnType Type="KnowledgeHourSessionService.KnowledgeHourSessionFullAccess"/>
            </Action>
            <Action Name="draftActivate" IsBound="true" EntitySetPath="in">
                <Parameter Name="in" Type="KnowledgeHourSessionService.KnowledgeHourSessionCreateRequest"/>
                <ReturnType Type="KnowledgeHourSessionService.KnowledgeHourSessionCreateRequest"/>
            </Action>
            <Action Name="draftEdit" IsBound="true" EntitySetPath="in">
                <Parameter Name="in" Type="KnowledgeHourSessionService.KnowledgeHourSessionFullAccess"/>
                <Parameter Name="PreserveChanges" Type="Edm.Boolean"/>
                <ReturnType Type="KnowledgeHourSessionService.KnowledgeHourSessionFullAccess"/>
            </Action>
            <Action Name="draftEdit" IsBound="true" EntitySetPath="in">
                <Parameter Name="in" Type="KnowledgeHourSessionService.KnowledgeHourSessionCreateRequest"/>
                <Parameter Name="PreserveChanges" Type="Edm.Boolean"/>
                <ReturnType Type="KnowledgeHourSessionService.KnowledgeHourSessionCreateRequest"/>
            </Action>
            <Annotations Target="KnowledgeHourSessionService.EntityContainer/KnowledgeHourSessionReadOnly">
                <Annotation Term="Capabilities.DeleteRestrictions">
                    <Record Type="Capabilities.DeleteRestrictionsType">
                        <PropertyValue Property="Deletable" Bool="false"/>
                    </Record>
                </Annotation>
                <Annotation Term="Capabilities.InsertRestrictions">
                    <Record Type="Capabilities.InsertRestrictionsType">
                        <PropertyValue Property="Insertable" Bool="false"/>
                    </Record>
                </Annotation>
                <Annotation Term="Capabilities.UpdateRestrictions">
                    <Record Type="Capabilities.UpdateRestrictionsType">
                        <PropertyValue Property="Updatable" Bool="false"/>
                    </Record>
                </Annotation>
            </Annotations>
            <Annotations Target="KnowledgeHourSessionService.KnowledgeHourSessionReadOnly/createdAt">
                <Annotation Term="UI.HiddenFilter" Bool="true"/>
                <Annotation Term="Core.Immutable" Bool="true"/>
                <Annotation Term="Core.Computed" Bool="true"/>
                <Annotation Term="Common.Label" String="{i18n>CreatedAt}"/>
                </Annotations>
                <Annotations Target="KnowledgeHourSessionService.KnowledgeHourSessionReadOnly/createdBy">
                    <Annotation Term="UI.HiddenFilter" Bool="true"/>
                    <Annotation Term="Core.Immutable" Bool="true"/>
                    <Annotation Term="Core.Computed" Bool="true"/>
                    <Annotation Term="Core.Description" String="{i18n>UserID.Description}"/>
                        <Annotation Term="Common.Label" String="{i18n>CreatedBy}"/>
                        </Annotations>
                        <Annotations Target="KnowledgeHourSessionService.KnowledgeHourSessionReadOnly/modifiedAt">
                            <Annotation Term="UI.HiddenFilter" Bool="true"/>
                            <Annotation Term="Core.Computed" Bool="true"/>
                            <Annotation Term="Common.Label" String="{i18n>ChangedAt}"/>
                            </Annotations>
                            <Annotations Target="KnowledgeHourSessionService.KnowledgeHourSessionReadOnly/modifiedBy">
                                <Annotation Term="UI.HiddenFilter" Bool="true"/>
                                <Annotation Term="Core.Computed" Bool="true"/>
                                <Annotation Term="Core.Description" String="{i18n>UserID.Description}"/>
                                    <Annotation Term="Common.Label" String="{i18n>ChangedBy}"/>
                                    </Annotations>
                                    <Annotations Target="KnowledgeHourSessionService.KnowledgeHourSessionReadOnly/ID">
                                        <Annotation Term="Core.Computed" Bool="true"/>
                                    </Annotations>
                                    <Annotations Target="KnowledgeHourSessionService.KnowledgeHourSessionReadOnly/KNOWLDEG_HOUR_SESSION_DATE">
                                        <Annotation Term="Core.ComputedDefaultValue" Bool="true"/>
                                    </Annotations>
                                    <Annotations Target="KnowledgeHourSessionService.KnowledgeHourSessionReadOnly/KNOWLDEG_HOUR_SESSION_TIME">
                                        <Annotation Term="Core.ComputedDefaultValue" Bool="true"/>
                                    </Annotations>
                                    <Annotations Target="KnowledgeHourSessionService.EntityContainer/KnowledgeHourSessionFullAccess">
                                        <Annotation Term="Common.DraftRoot">
                                            <Record Type="Common.DraftRootType">
                                                <PropertyValue Property="ActivationAction" String="KnowledgeHourSessionService.draftActivate"/>
                                                <PropertyValue Property="EditAction" String="KnowledgeHourSessionService.draftEdit"/>
                                                <PropertyValue Property="PreparationAction" String="KnowledgeHourSessionService.draftPrepare"/>
                                            </Record>
                                        </Annotation>
                                    </Annotations>
                                    <Annotations Target="KnowledgeHourSessionService.KnowledgeHourSessionFullAccess/createdAt">
                                        <Annotation Term="UI.HiddenFilter" Bool="true"/>
                                        <Annotation Term="Core.Immutable" Bool="true"/>
                                        <Annotation Term="Core.Computed" Bool="true"/>
                                        <Annotation Term="Common.Label" String="{i18n>CreatedAt}"/>
                                        </Annotations>
                                        <Annotations Target="KnowledgeHourSessionService.KnowledgeHourSessionFullAccess/createdBy">
                                            <Annotation Term="UI.HiddenFilter" Bool="true"/>
                                            <Annotation Term="Core.Immutable" Bool="true"/>
                                            <Annotation Term="Core.Computed" Bool="true"/>
                                            <Annotation Term="Core.Description" String="{i18n>UserID.Description}"/>
                                                <Annotation Term="Common.Label" String="{i18n>CreatedBy}"/>
                                                </Annotations>
                                                <Annotations Target="KnowledgeHourSessionService.KnowledgeHourSessionFullAccess/modifiedAt">
                                                    <Annotation Term="UI.HiddenFilter" Bool="true"/>
                                                    <Annotation Term="Core.Computed" Bool="true"/>
                                                    <Annotation Term="Common.Label" String="{i18n>ChangedAt}"/>
                                                    </Annotations>
                                                    <Annotations Target="KnowledgeHourSessionService.KnowledgeHourSessionFullAccess/modifiedBy">
                                                        <Annotation Term="UI.HiddenFilter" Bool="true"/>
                                                        <Annotation Term="Core.Computed" Bool="true"/>
                                                        <Annotation Term="Core.Description" String="{i18n>UserID.Description}"/>
                                                            <Annotation Term="Common.Label" String="{i18n>ChangedBy}"/>
                                                            </Annotations>
                                                            <Annotations Target="KnowledgeHourSessionService.KnowledgeHourSessionFullAccess/ID">
                                                                <Annotation Term="Core.Computed" Bool="true"/>
                                                            </Annotations>
                                                            <Annotations Target="KnowledgeHourSessionService.KnowledgeHourSessionFullAccess/KNOWLDEG_HOUR_SESSION_DATE">
                                                                <Annotation Term="Core.ComputedDefaultValue" Bool="true"/>
                                                            </Annotations>
                                                            <Annotations Target="KnowledgeHourSessionService.KnowledgeHourSessionFullAccess/KNOWLDEG_HOUR_SESSION_TIME">
                                                                <Annotation Term="Core.ComputedDefaultValue" Bool="true"/>
                                                            </Annotations>
                                                            <Annotations Target="KnowledgeHourSessionService.KnowledgeHourSessionFullAccess/IsActiveEntity">
                                                                <Annotation Term="UI.Hidden" Bool="true"/>
                                                            </Annotations>
                                                            <Annotations Target="KnowledgeHourSessionService.KnowledgeHourSessionFullAccess/HasActiveEntity">
                                                                <Annotation Term="UI.Hidden" Bool="true"/>
                                                            </Annotations>
                                                            <Annotations Target="KnowledgeHourSessionService.KnowledgeHourSessionFullAccess/HasDraftEntity">
                                                                <Annotation Term="UI.Hidden" Bool="true"/>
                                                            </Annotations>
                                                            <Annotations Target="KnowledgeHourSessionService.KnowledgeHourSessionFullAccess/DraftAdministrativeData">
                                                                <Annotation Term="UI.Hidden" Bool="true"/>
                                                            </Annotations>
                                                            <Annotations Target="KnowledgeHourSessionService.EntityContainer/KnowledgeHourSessionCreateRequest">
                                                                <Annotation Term="Common.DraftRoot">
                                                                    <Record Type="Common.DraftRootType">
                                                                        <PropertyValue Property="ActivationAction" String="KnowledgeHourSessionService.draftActivate"/>
                                                                        <PropertyValue Property="EditAction" String="KnowledgeHourSessionService.draftEdit"/>
                                                                        <PropertyValue Property="PreparationAction" String="KnowledgeHourSessionService.draftPrepare"/>
                                                                    </Record>
                                                                </Annotation>
                                                            </Annotations>
                                                            <Annotations Target="KnowledgeHourSessionService.KnowledgeHourSessionCreateRequest/createdAt">
                                                                <Annotation Term="UI.HiddenFilter" Bool="true"/>
                                                                <Annotation Term="Core.Immutable" Bool="true"/>
                                                                <Annotation Term="Core.Computed" Bool="true"/>
                                                                <Annotation Term="Common.Label" String="{i18n>CreatedAt}"/>
                                                                </Annotations>
                                                                <Annotations Target="KnowledgeHourSessionService.KnowledgeHourSessionCreateRequest/createdBy">
                                                                    <Annotation Term="UI.HiddenFilter" Bool="true"/>
                                                                    <Annotation Term="Core.Immutable" Bool="true"/>
                                                                    <Annotation Term="Core.Computed" Bool="true"/>
                                                                    <Annotation Term="Core.Description" String="{i18n>UserID.Description}"/>
                                                                        <Annotation Term="Common.Label" String="{i18n>CreatedBy}"/>
                                                                        </Annotations>
                                                                        <Annotations Target="KnowledgeHourSessionService.KnowledgeHourSessionCreateRequest/modifiedAt">
                                                                            <Annotation Term="UI.HiddenFilter" Bool="true"/>
                                                                            <Annotation Term="Core.Computed" Bool="true"/>
                                                                            <Annotation Term="Common.Label" String="{i18n>ChangedAt}"/>
                                                                            </Annotations>
                                                                            <Annotations Target="KnowledgeHourSessionService.KnowledgeHourSessionCreateRequest/modifiedBy">
                                                                                <Annotation Term="UI.HiddenFilter" Bool="true"/>
                                                                                <Annotation Term="Core.Computed" Bool="true"/>
                                                                                <Annotation Term="Core.Description" String="{i18n>UserID.Description}"/>
                                                                                    <Annotation Term="Common.Label" String="{i18n>ChangedBy}"/>
                                                                                    </Annotations>
                                                                                    <Annotations Target="KnowledgeHourSessionService.KnowledgeHourSessionCreateRequest/ID">
                                                                                        <Annotation Term="Core.Computed" Bool="true"/>
                                                                                    </Annotations>
                                                                                    <Annotations Target="KnowledgeHourSessionService.KnowledgeHourSessionCreateRequest/KNOWLDEG_HOUR_SESSION_DATE">
                                                                                        <Annotation Term="Core.ComputedDefaultValue" Bool="true"/>
                                                                                    </Annotations>
                                                                                    <Annotations Target="KnowledgeHourSessionService.KnowledgeHourSessionCreateRequest/KNOWLDEG_HOUR_SESSION_TIME">
                                                                                        <Annotation Term="Core.ComputedDefaultValue" Bool="true"/>
                                                                                    </Annotations>
                                                                                    <Annotations Target="KnowledgeHourSessionService.KnowledgeHourSessionCreateRequest/IsActiveEntity">
                                                                                        <Annotation Term="UI.Hidden" Bool="true"/>
                                                                                    </Annotations>
                                                                                    <Annotations Target="KnowledgeHourSessionService.KnowledgeHourSessionCreateRequest/HasActiveEntity">
                                                                                        <Annotation Term="UI.Hidden" Bool="true"/>
                                                                                    </Annotations>
                                                                                    <Annotations Target="KnowledgeHourSessionService.KnowledgeHourSessionCreateRequest/HasDraftEntity">
                                                                                        <Annotation Term="UI.Hidden" Bool="true"/>
                                                                                    </Annotations>
                                                                                    <Annotations Target="KnowledgeHourSessionService.KnowledgeHourSessionCreateRequest/DraftAdministrativeData">
                                                                                        <Annotation Term="UI.Hidden" Bool="true"/>
                                                                                    </Annotations>
                                                                                    <Annotations Target="KnowledgeHourSessionService.DraftAdministrativeData">
                                                                                        <Annotation Term="Common.Label" String="{i18n>Draft_DraftAdministrativeData}"/>
                                                                                        </Annotations>
                                                                                        <Annotations Target="KnowledgeHourSessionService.DraftAdministrativeData/DraftUUID">
                                                                                            <Annotation Term="UI.Hidden" Bool="true"/>
                                                                                            <Annotation Term="Common.Label" String="{i18n>Draft_DraftUUID}"/>
                                                                                            </Annotations>
                                                                                            <Annotations Target="KnowledgeHourSessionService.DraftAdministrativeData/CreationDateTime">
                                                                                                <Annotation Term="Common.Label" String="{i18n>Draft_CreationDateTime}"/>
                                                                                                </Annotations>
                                                                                                <Annotations Target="KnowledgeHourSessionService.DraftAdministrativeData/CreatedByUser">
                                                                                                    <Annotation Term="Common.Label" String="{i18n>Draft_CreatedByUser}"/>
                                                                                                    </Annotations>
                                                                                                    <Annotations Target="KnowledgeHourSessionService.DraftAdministrativeData/DraftIsCreatedByMe">
                                                                                                        <Annotation Term="UI.Hidden" Bool="true"/>
                                                                                                        <Annotation Term="Common.Label" String="{i18n>Draft_DraftIsCreatedByMe}"/>
                                                                                                        </Annotations>
                                                                                                        <Annotations Target="KnowledgeHourSessionService.DraftAdministrativeData/LastChangeDateTime">
                                                                                                            <Annotation Term="Common.Label" String="{i18n>Draft_LastChangeDateTime}"/>
                                                                                                            </Annotations>
                                                                                                            <Annotations Target="KnowledgeHourSessionService.DraftAdministrativeData/LastChangedByUser">
                                                                                                                <Annotation Term="Common.Label" String="{i18n>Draft_LastChangedByUser}"/>
                                                                                                                </Annotations>
                                                                                                                <Annotations Target="KnowledgeHourSessionService.DraftAdministrativeData/InProcessByUser">
                                                                                                                    <Annotation Term="Common.Label" String="{i18n>Draft_InProcessByUser}"/>
                                                                                                                    </Annotations>
                                                                                                                    <Annotations Target="KnowledgeHourSessionService.DraftAdministrativeData/DraftIsProcessedByMe">
                                                                                                                        <Annotation Term="UI.Hidden" Bool="true"/>
                                                                                                                        <Annotation Term="Common.Label" String="{i18n>Draft_DraftIsProcessedByMe}"/>
                                                                                                                        </Annotations>
                                                                                                                    </Schema>
                                                                                                                </edmx:DataServices>
                                                                                                            </edmx:Edmx>