{
  "test/integration/opaTests.qunit.js.map": 1681657433065,
  "test/integration/pages/KnowledgeHourSessionReadOnlyObjectPage.js": 1681656287433,
  "test/integration/pages/KnowledgeHourSessionReadOnlyList.js": 1681656287433,
  "test/integration/opaTests.qunit.js": 1681656287425,
  "test/integration/FirstJourney.js": 1681656287433,
  "test/testsuite.qunit.js": 1681656287421,
  "xs-app.json": 1681657419576,
  "manifest.json": 1681657419580,
  "Component.js": 1681656287413,
  "test/integration/opaTests.qunit-dbg.js": 1681656287425,
  "i18n/i18n.properties": 1681656321454,
  "test/integration/pages/KnowledgeHourSessionReadOnlyList-dbg.js": 1681656287433,
  "test/integration/pages/KnowledgeHourSessionReadOnlyList.js.map": 1681657433079,
  "test/integration/pages/KnowledgeHourSessionReadOnlyObjectPage-dbg.js": 1681656287433,
  "test/integration/pages/KnowledgeHourSessionReadOnlyObjectPage.js.map": 1681657433066,
  "test/integration/FirstJourney-dbg.js": 1681656287433,
  "test/integration/FirstJourney.js.map": 1681657433086,
  "test/testsuite.qunit-dbg.js": 1681656287421,
  "test/testsuite.qunit.js.map": 1681657433071,
  "Component-dbg.js": 1681656287413,
  "Component.js.map": 1681657433070,
  "Component-preload.js": 1681657433197,
  "Component-preload.js.map": 1681657433197,
  "test/integration/opaTests.qunit.html": 1681656287425,
  "test/testsuite.qunit.html": 1681656287417,
  "test/flpSandbox.html": 1681656287417,
  "localService/metadata.xml": 1681656287417,
  "index.html": 1681656287413
}